item_id,item_name,category,description,price_usd,calories,calories_from_fat,total_fat_g,saturated_fat_g,trans_fat_g,cholesterol_mg,sodium_mg,total_carbs_g,dietary_fiber_g,sugars_g,protein_g,calcium_mg,iron_mg,vitamin_a_iu,vitamin_c_mg,is_vegetarian,is_gluten_free,is_dairy_free,is_low_calorie,is_high_protein,is_high_fiber,has_sizes,is_popular,is_limited_time,is_nationwide,serving_size,prep_time_minutes,price_per_1000_cal,protein_per_dollar,price_history
MCD_BURG_Big_Mac_325,Big Mac,Burgers,Signature big mac served hot and fresh,6.55,530,177,27,8.9,1.6,69,924,45,2.6,10.2,26,15,0.3,29,16,False,False,False,False,True,False,False,False,False,True,1 sandwich,2,12.36,3.97,"[{""year"": 2023, ""price_usd"": 7.12, ""price_change_percent"": 8.7}, {""year"": 2024, ""price_usd"": 6.76, ""price_change_percent"": 3.2}, {""year"": 2025, ""price_usd"": 6.65, ""price_change_percent"": 1.5}, {""year"": 2026, ""price_usd"": 6.55, ""price_change_percent"": 0}]"
MCD_BURG_Quarter_Pounder_with_Cheese_180,Quarter Pounder with Cheese,Burgers,Signature quarter pounder with cheese served hot and fresh,7.03,515,188,26,8.6,3.8,43,1077,41,2.5,8.8,31,183,2.5,77,8,False,False,False,False,True,False,False,False,False,True,1 sandwich,5,13.65,4.41,"[{""year"": 2023, ""price_usd"": 7.42, ""price_change_percent"": 5.5}, {""year"": 2024, ""price_usd"": 7.29, ""price_change_percent"": 3.7}, {""year"": 2025, ""price_usd"": 7.19, ""price_change_percent"": 2.3}, {""year"": 2026, ""price_usd"": 7.03, ""price_change_percent"": 0}]"
MCD_BURG_Cheeseburger_723,Cheeseburger,Burgers,Delicious cheeseburger from McDonald's,6.81,291,113,13,6.1,1.8,48,695,31,2.4,9.0,16,186,0.5,45,6,False,False,False,False,False,False,False,False,False,True,1 serving,4,23.4,2.35,"[{""year"": 2023, ""price_usd"": 7.34, ""price_change_percent"": 7.8}, {""year"": 2024, ""price_usd"": 7.11, ""price_change_percent"": 4.4}, {""year"": 2025, ""price_usd"": 7.13, ""price_change_percent"": 4.7}, {""year"": 2026, ""price_usd"": 6.81, ""price_change_percent"": 0}]"
MCD_BURG_Double_Cheeseburger_771,Double Cheeseburger,Burgers,Freshly made double cheeseburger,5.84,448,156,23,8.4,2.9,7,1133,36,2.6,3.9,26,161,1.2,8,6,False,False,False,False,True,False,False,False,False,True,1 serving,4,13.04,4.45,"[{""year"": 2023, ""price_usd"": 6.34, ""price_change_percent"": 8.6}, {""year"": 2024, ""price_usd"": 6.21, ""price_change_percent"": 6.3}, {""year"": 2025, ""price_usd"": 5.96, ""price_change_percent"": 2.1}, {""year"": 2026, ""price_usd"": 5.84, ""price_change_percent"": 0}]"
MCD_BURG_McDouble_710,McDouble,Burgers,Signature mcdouble served hot and fresh,5.05,397,86,21,9.4,1.9,74,906,35,3.1,5.8,23,70,1.5,11,24,False,False,False,False,True,False,False,True,False,True,1 sandwich,9,12.72,4.55,"[{""year"": 2023, ""price_usd"": 5.43, ""price_change_percent"": 7.5}, {""year"": 2024, ""price_usd"": 5.31, ""price_change_percent"": 5.1}, {""year"": 2025, ""price_usd"": 5.13, ""price_change_percent"": 1.6}, {""year"": 2026, ""price_usd"": 5.05, ""price_change_percent"": 0}]"
MCD_BURG_Hamburger_991,Hamburger,Burgers,Delicious hamburger from McDonald's,6.11,257,99,10,4.1,0.8,43,506,29,1.8,6.7,11,232,0.0,92,28,False,False,False,False,False,False,False,False,False,True,1 serving,4,23.77,1.8,"[{""year"": 2023, ""price_usd"": 6.49, ""price_change_percent"": 6.2}, {""year"": 2024, ""price_usd"": 6.42, ""price_change_percent"": 5.1}, {""year"": 2025, ""price_usd"": 6.29, ""price_change_percent"": 2.9}, {""year"": 2026, ""price_usd"": 6.11, ""price_change_percent"": 0}]"
MCD_BURG_Bacon_McDouble_878,Bacon McDouble,Burgers,Delicious bacon mcdouble from McDonald's,5.49,435,156,22,8.0,1.1,46,1158,36,5.0,12.6,26,157,0.7,30,28,False,False,False,False,True,True,False,False,True,True,1 sandwich,4,12.62,4.74,"[{""year"": 2023, ""price_usd"": 5.8, ""price_change_percent"": 5.6}, {""year"": 2024, ""price_usd"": 5.86, ""price_change_percent"": 6.7}, {""year"": 2025, ""price_usd"": 5.58, ""price_change_percent"": 1.6}, {""year"": 2026, ""price_usd"": 5.49, ""price_change_percent"": 0}]"
MCD_BURG_Quarter_Pounder_with_Cheese_Deluxe_330,Quarter Pounder with Cheese Deluxe,Burgers,Freshly made quarter pounder with cheese deluxe,6.63,577,126,31,13.1,4.5,69,1345,43,5.4,13.2,30,159,1.2,85,20,False,False,False,False,True,True,False,False,False,True,1 sandwich,10,11.49,4.52,"[{""year"": 2023, ""price_usd"": 7.14, ""price_change_percent"": 7.7}, {""year"": 2024, ""price_usd"": 7.02, ""price_change_percent"": 5.9}, {""year"": 2025, ""price_usd"": 6.86, ""price_change_percent"": 3.5}, {""year"": 2026, ""price_usd"": 6.63, ""price_change_percent"": 0}]"
MCD_BURG_Big_Mac_with_Bacon_348,Big Mac with Bacon,Burgers,Signature big mac with bacon served hot and fresh,4.91,577,251,33,10.3,1.9,4,1210,44,6.0,5.3,27,121,0.8,62,6,False,False,False,False,True,True,False,False,False,False,1 sandwich,5,8.51,5.5,"[{""year"": 2023, ""price_usd"": 5.32, ""price_change_percent"": 8.4}, {""year"": 2024, ""price_usd"": 5.17, ""price_change_percent"": 5.3}, {""year"": 2025, ""price_usd"": 5.12, ""price_change_percent"": 4.3}, {""year"": 2026, ""price_usd"": 4.91, ""price_change_percent"": 0}]"
MCD_BURG_Double_Quarter_Pounder_with_Cheese_995,Double Quarter Pounder with Cheese,Burgers,Freshly made double quarter pounder with cheese,4.37,783,373,48,22.7,2.7,12,1459,44,2.5,14.0,48,55,0.7,24,17,False,False,False,False,True,False,False,False,False,True,1 sandwich,10,5.58,10.98,"[{""year"": 2023, ""price_usd"": 4.59, ""price_change_percent"": 5.0}, {""year"": 2024, ""price_usd"": 4.51, ""price_change_percent"": 3.2}, {""year"": 2025, ""price_usd"": 4.53, ""price_change_percent"": 3.7}, {""year"": 2026, ""price_usd"": 4.37, ""price_change_percent"": 0}]"
MCD_CHIC_McChicken_392,McChicken,Chicken & Sandwiches,Signature mcchicken served hot and fresh,4.33,410,134,19,8.6,1.4,52,639,37,3.6,6.1,15,205,2.7,21,12,False,False,False,False,False,False,False,True,False,False,1 sandwich,4,10.56,3.46,"[{""year"": 2023, ""price_usd"": 4.65, ""price_change_percent"": 7.4}, {""year"": 2024, ""price_usd"": 4.57, ""price_change_percent"": 5.5}, {""year"": 2025, ""price_usd"": 4.51, ""price_change_percent"": 4.2}, {""year"": 2026, ""price_usd"": 4.33, ""price_change_percent"": 0}]"
MCD_CHIC_Filet-O-Fish_513,Filet-O-Fish,Chicken & Sandwiches,Freshly made filet-o-fish,4.65,386,91,20,6.2,1.6,6,584,40,4.3,10.0,13,271,0.5,65,2,False,False,False,False,False,False,False,False,True,True,1 sandwich,2,12.05,2.8,"[{""year"": 2023, ""price_usd"": 4.96, ""price_change_percent"": 6.7}, {""year"": 2024, ""price_usd"": 4.91, ""price_change_percent"": 5.6}, {""year"": 2025, ""price_usd"": 4.79, ""price_change_percent"": 3.0}, {""year"": 2026, ""price_usd"": 4.65, ""price_change_percent"": 0}]"
MCD_CHIC_Crispy_Chicken_Sandwich_175,Crispy Chicken Sandwich,Chicken & Sandwiches,Delicious crispy chicken sandwich from McDonald's,6.16,453,163,23,8.4,1.7,40,1103,47,3.5,10.3,17,153,1.4,96,29,False,False,False,False,False,False,False,True,False,False,1 sandwich,4,13.6,2.76,"[{""year"": 2023, ""price_usd"": 6.62, ""price_change_percent"": 7.5}, {""year"": 2024, ""price_usd"": 6.42, ""price_change_percent"": 4.2}, {""year"": 2025, ""price_usd"": 6.46, ""price_change_percent"": 4.9}, {""year"": 2026, ""price_usd"": 6.16, ""price_change_percent"": 0}]"
MCD_CHIC_Spicy_McChicken_218,Spicy McChicken,Chicken & Sandwiches,Classic McDonald's spicy mcchicken,7.26,412,192,22,8.5,2.3,38,690,40,4.4,15.8,13,270,0.0,70,9,False,False,False,False,False,False,False,False,False,False,1 sandwich,6,17.62,1.79,"[{""year"": 2023, ""price_usd"": 7.76, ""price_change_percent"": 6.9}, {""year"": 2024, ""price_usd"": 7.71, ""price_change_percent"": 6.2}, {""year"": 2025, ""price_usd"": 7.53, ""price_change_percent"": 3.7}, {""year"": 2026, ""price_usd"": 7.26, ""price_change_percent"": 0}]"
MCD_CHIC_Classic_Chicken_Sandwich_265,Classic Chicken Sandwich,Chicken & Sandwiches,Classic McDonald's classic chicken sandwich,4.98,426,179,20,8.5,1.5,62,1063,42,3.2,15.6,16,26,0.3,54,26,False,False,False,False,False,False,False,True,True,True,1 sandwich,10,11.69,3.21,"[{""year"": 2023, ""price_usd"": 5.29, ""price_change_percent"": 6.2}, {""year"": 2024, ""price_usd"": 5.14, ""price_change_percent"": 3.2}, {""year"": 2025, ""price_usd"": 5.04, ""price_change_percent"": 1.2}, {""year"": 2026, ""price_usd"": 4.98, ""price_change_percent"": 0}]"
MCD_CHIC_Artisan_Grilled_Chicken_Sandwich_898,Artisan Grilled Chicken Sandwich,Chicken & Sandwiches,Classic McDonald's artisan grilled chicken sandwich,4.02,352,129,11,5.1,1.2,18,912,39,3.6,4.4,25,186,2.7,5,28,False,False,False,False,True,False,False,False,False,True,1 sandwich,4,11.42,6.22,"[{""year"": 2023, ""price_usd"": 4.29, ""price_change_percent"": 6.7}, {""year"": 2024, ""price_usd"": 4.22, ""price_change_percent"": 5.0}, {""year"": 2025, ""price_usd"": 4.09, ""price_change_percent"": 1.7}, {""year"": 2026, ""price_usd"": 4.02, ""price_change_percent"": 0}]"
MCD_CHIC_Southern_Style_Chicken_Sandwich_304,Southern Style Chicken Sandwich,Chicken & Sandwiches,Freshly made southern style chicken sandwich,7.23,457,203,23,7.7,3.3,52,1251,45,5.9,16.2,16,127,0.8,100,22,False,False,False,False,False,True,False,True,False,False,1 sandwich,7,15.82,2.21,"[{""year"": 2023, ""price_usd"": 7.77, ""price_change_percent"": 7.5}, {""year"": 2024, ""price_usd"": 7.54, ""price_change_percent"": 4.3}, {""year"": 2025, ""price_usd"": 7.51, ""price_change_percent"": 3.9}, {""year"": 2026, ""price_usd"": 7.23, ""price_change_percent"": 0}]"
MCD_SALA_Side_Salad_694,Side Salad,Salads,Freshly made side salad,5.6,17,8,1,0.4,0.1,8,0,2,0.3,0.4,0,260,1.2,68,10,True,True,True,True,False,False,False,False,False,False,1 serving,2,329.41,0.0,"[{""year"": 2023, ""price_usd"": 6.04, ""price_change_percent"": 7.9}, {""year"": 2024, ""price_usd"": 5.96, ""price_change_percent"": 6.4}, {""year"": 2025, ""price_usd"": 5.87, ""price_change_percent"": 4.8}, {""year"": 2026, ""price_usd"": 5.6, ""price_change_percent"": 0}]"
MCD_SALA_Caesar_Salad_541,Caesar Salad,Salads,Classic McDonald's caesar salad,5.21,113,24,7,3.5,0.4,73,298,7,0.5,0.8,6,223,0.0,68,21,False,False,False,True,False,False,False,False,False,True,1 serving,7,46.11,1.15,"[{""year"": 2023, ""price_usd"": 5.5, ""price_change_percent"": 5.6}, {""year"": 2024, ""price_usd"": 5.44, ""price_change_percent"": 4.4}, {""year"": 2025, ""price_usd"": 5.38, ""price_change_percent"": 3.3}, {""year"": 2026, ""price_usd"": 5.21, ""price_change_percent"": 0}]"
MCD_SALA_Southwest_Salad_393,Southwest Salad,Salads,Classic McDonald's southwest salad,6.32,123,32,8,3.5,0.7,37,249,12,1.3,1.9,7,194,2.0,22,19,False,False,False,True,False,False,False,False,False,True,1 serving,9,51.38,1.11,"[{""year"": 2023, ""price_usd"": 6.72, ""price_change_percent"": 6.3}, {""year"": 2024, ""price_usd"": 6.63, ""price_change_percent"": 4.9}, {""year"": 2025, ""price_usd"": 6.45, ""price_change_percent"": 2.1}, {""year"": 2026, ""price_usd"": 6.32, ""price_change_percent"": 0}]"
MCD_SALA_Grilled_Chicken_Caesar_Salad_725,Grilled Chicken Caesar Salad,Salads,Signature grilled chicken caesar salad served hot and fresh,5.87,236,107,14,6.0,1.1,79,700,13,1.1,4.5,21,120,2.0,28,25,False,False,False,False,True,False,False,True,True,True,1 serving,9,24.87,3.58,"[{""year"": 2023, ""price_usd"": 6.22, ""price_change_percent"": 6.0}, {""year"": 2024, ""price_usd"": 6.07, ""price_change_percent"": 3.4}, {""year"": 2025, ""price_usd"": 6.0, ""price_change_percent"": 2.2}, {""year"": 2026, ""price_usd"": 5.87, ""price_change_percent"": 0}]"
MCD_SALA_Grilled_Chicken_Southwest_Salad_968,Grilled Chicken Southwest Salad,Salads,Freshly made grilled chicken southwest salad,5.82,270,63,14,5.3,1.3,18,704,15,1.7,1.5,21,54,2.3,28,5,False,False,False,False,True,False,False,False,False,True,1 serving,9,21.56,3.61,"[{""year"": 2023, ""price_usd"": 6.2, ""price_change_percent"": 6.5}, {""year"": 2024, ""price_usd"": 6.14, ""price_change_percent"": 5.5}, {""year"": 2025, ""price_usd"": 5.94, ""price_change_percent"": 2.1}, {""year"": 2026, ""price_usd"": 5.82, ""price_change_percent"": 0}]"
MCD_SNAC_French_Fries_(Small)_741,French Fries (Small),Snacks & Sides,Signature french fries (small) served hot and fresh,3.2,237,64,11,5.1,1.5,54,199,29,3.9,7.7,4,81,2.2,60,14,True,True,True,False,False,False,True,True,False,True,1 serving,3,13.5,1.25,"[{""year"": 2023, ""price_usd"": 3.47, ""price_change_percent"": 8.4}, {""year"": 2024, ""price_usd"": 3.32, ""price_change_percent"": 3.7}, {""year"": 2025, ""price_usd"": 3.27, ""price_change_percent"": 2.2}, {""year"": 2026, ""price_usd"": 3.2, ""price_change_percent"": 0}]"
MCD_SNAC_French_Fries_(Medium)_498,French Fries (Medium),Snacks & Sides,Signature french fries (medium) served hot and fresh,4.32,337,158,16,6.5,1.0,29,307,44,3.9,6.4,4,109,0.2,52,10,True,True,True,False,False,False,True,False,False,True,1 serving,8,12.82,0.93,"[{""year"": 2023, ""price_usd"": 4.64, ""price_change_percent"": 7.4}, {""year"": 2024, ""price_usd"": 4.5, ""price_change_percent"": 4.2}, {""year"": 2025, ""price_usd"": 4.5, ""price_change_percent"": 4.2}, {""year"": 2026, ""price_usd"": 4.32, ""price_change_percent"": 0}]"
MCD_SNAC_French_Fries_(Large)_960,French Fries (Large),Snacks & Sides,Freshly made french fries (large),3.81,481,163,23,10.3,2.4,77,404,64,8.9,15.8,6,139,1.3,3,12,True,True,True,False,False,True,True,False,False,True,1 serving,10,7.92,1.57,"[{""year"": 2023, ""price_usd"": 4.08, ""price_change_percent"": 7.1}, {""year"": 2024, ""price_usd"": 4.0, ""price_change_percent"": 5.0}, {""year"": 2025, ""price_usd"": 3.92, ""price_change_percent"": 2.9}, {""year"": 2026, ""price_usd"": 3.81, ""price_change_percent"": 0}]"
MCD_SNAC_Apple_Slices_358,Apple Slices,Snacks & Sides,Signature apple slices served hot and fresh,1.39,17,7,1,0.3,0.1,59,0,6,0.4,1.1,1,167,0.6,41,10,True,True,True,True,False,False,False,False,False,True,1 serving,2,81.76,0.72,"[{""year"": 2023, ""price_usd"": 1.48, ""price_change_percent"": 6.5}, {""year"": 2024, ""price_usd"": 1.43, ""price_change_percent"": 2.9}, {""year"": 2025, ""price_usd"": 1.46, ""price_change_percent"": 5.0}, {""year"": 2026, ""price_usd"": 1.39, ""price_change_percent"": 0}]"
MCD_SNAC_Mozzarella_Sticks_816,Mozzarella Sticks,Snacks & Sides,Signature mozzarella sticks served hot and fresh,4.06,251,69,14,6.4,1.6,3,514,26,3.8,4.2,8,10,1.9,30,4,False,False,False,False,False,False,False,False,False,False,1 serving,4,16.18,1.97,"[{""year"": 2023, ""price_usd"": 4.35, ""price_change_percent"": 7.1}, {""year"": 2024, ""price_usd"": 4.34, ""price_change_percent"": 6.9}, {""year"": 2025, ""price_usd"": 4.14, ""price_change_percent"": 2.0}, {""year"": 2026, ""price_usd"": 4.06, ""price_change_percent"": 0}]"
MCD_SNAC_Chicken_McNuggets_(4_piece)_915,Chicken McNuggets (4 piece),Snacks & Sides,Delicious chicken mcnuggets (4 piece) from McDonald's,3.53,163,80,9,2.7,0.7,48,347,10,0.9,3.1,8,38,1.8,80,7,False,True,False,False,False,False,False,True,False,False,1 serving,7,21.66,2.27,"[{""year"": 2023, ""price_usd"": 3.76, ""price_change_percent"": 6.5}, {""year"": 2024, ""price_usd"": 3.64, ""price_change_percent"": 3.1}, {""year"": 2025, ""price_usd"": 3.64, ""price_change_percent"": 3.1}, {""year"": 2026, ""price_usd"": 3.53, ""price_change_percent"": 0}]"
MCD_SNAC_Chicken_McNuggets_(6_piece)_576,Chicken McNuggets (6 piece),Snacks & Sides,Signature chicken mcnuggets (6 piece) served hot and fresh,3.26,251,82,16,4.8,1.5,62,501,17,1.0,6.6,12,235,2.1,55,5,False,True,False,False,False,False,False,False,False,True,1 serving,7,12.99,3.68,"[{""year"": 2023, ""price_usd"": 3.54, ""price_change_percent"": 8.6}, {""year"": 2024, ""price_usd"": 3.44, ""price_change_percent"": 5.5}, {""year"": 2025, ""price_usd"": 3.35, ""price_change_percent"": 2.8}, {""year"": 2026, ""price_usd"": 3.26, ""price_change_percent"": 0}]"
MCD_SNAC_Chicken_McNuggets_(10_piece)_669,Chicken McNuggets (10 piece),Snacks & Sides,Classic McDonald's chicken mcnuggets (10 piece),4.44,412,83,24,9.4,2.7,48,868,26,2.2,6.5,22,166,0.5,27,11,False,True,False,False,True,False,False,False,False,False,1 serving,3,10.78,4.95,"[{""year"": 2023, ""price_usd"": 4.76, ""price_change_percent"": 7.2}, {""year"": 2024, ""price_usd"": 4.72, ""price_change_percent"": 6.3}, {""year"": 2025, ""price_usd"": 4.56, ""price_change_percent"": 2.7}, {""year"": 2026, ""price_usd"": 4.44, ""price_change_percent"": 0}]"
MCD_SNAC_French_Fries_(Kids)_535,French Fries (Kids),Snacks & Sides,Classic McDonald's french fries (kids),1.85,113,56,4,1.6,0.5,57,104,17,2.2,2.2,1,113,1.2,31,9,True,True,True,True,False,False,False,False,False,True,1 serving,7,16.37,0.54,"[{""year"": 2023, ""price_usd"": 2.01, ""price_change_percent"": 8.6}, {""year"": 2024, ""price_usd"": 1.96, ""price_change_percent"": 5.9}, {""year"": 2025, ""price_usd"": 1.93, ""price_change_percent"": 4.3}, {""year"": 2026, ""price_usd"": 1.85, ""price_change_percent"": 0}]"
MCD_BREA_Egg_McMuffin_202,Egg McMuffin,Breakfast,Classic McDonald's egg mcmuffin,6.5,308,138,12,5.3,1.0,68,747,30,4.4,9.2,17,98,0.6,61,8,False,False,False,False,False,False,False,False,False,True,1 sandwich,5,21.1,2.62,"[{""year"": 2023, ""price_usd"": 6.92, ""price_change_percent"": 6.5}, {""year"": 2024, ""price_usd"": 6.8, ""price_change_percent"": 4.6}, {""year"": 2025, ""price_usd"": 6.71, ""price_change_percent"": 3.2}, {""year"": 2026, ""price_usd"": 6.5, ""price_change_percent"": 0}]"
MCD_BREA_Sausage_McMuffin_358,Sausage McMuffin,Breakfast,Delicious sausage mcmuffin from McDonald's,4.79,399,192,23,7.1,1.3,37,827,31,3.7,4.3,14,251,0.3,1,18,False,False,False,False,False,False,False,True,False,True,1 sandwich,3,12.01,2.92,"[{""year"": 2023, ""price_usd"": 5.07, ""price_change_percent"": 5.8}, {""year"": 2024, ""price_usd"": 5.04, ""price_change_percent"": 5.2}, {""year"": 2025, ""price_usd"": 4.85, ""price_change_percent"": 1.3}, {""year"": 2026, ""price_usd"": 4.79, ""price_change_percent"": 0}]"
MCD_BREA_Sausage_McMuffin_with_Egg_561,Sausage McMuffin with Egg,Breakfast,Signature sausage mcmuffin with egg served hot and fresh,7.1,482,227,31,13.6,2.0,72,970,27,3.9,3.4,21,127,0.4,97,13,False,False,False,False,True,False,False,False,False,True,1 sandwich,8,14.73,2.96,"[{""year"": 2023, ""price_usd"": 7.6, ""price_change_percent"": 7.0}, {""year"": 2024, ""price_usd"": 7.53, ""price_change_percent"": 6.1}, {""year"": 2025, ""price_usd"": 7.25, ""price_change_percent"": 2.1}, {""year"": 2026, ""price_usd"": 7.1, ""price_change_percent"": 0}]"
"MCD_BREA_Bacon,_Egg_AND_Cheese_Biscuit_133","Bacon, Egg & Cheese Biscuit",Breakfast,"Classic McDonald's bacon, egg & cheese biscuit",4.52,469,126,27,13.2,1.9,27,1226,37,2.8,4.6,19,122,0.5,9,5,False,False,False,False,False,False,False,True,False,True,1 sandwich,9,9.64,4.2,"[{""year"": 2023, ""price_usd"": 4.92, ""price_change_percent"": 8.8}, {""year"": 2024, ""price_usd"": 4.78, ""price_change_percent"": 5.8}, {""year"": 2025, ""price_usd"": 4.59, ""price_change_percent"": 1.5}, {""year"": 2026, ""price_usd"": 4.52, ""price_change_percent"": 0}]"
MCD_BREA_Sausage_Biscuit_549,Sausage Biscuit,Breakfast,Classic McDonald's sausage biscuit,3.35,457,108,30,14.6,2.8,69,1191,36,2.6,5.2,14,136,2.5,9,1,False,False,False,False,False,False,False,True,False,True,1 sandwich,8,7.33,4.18,"[{""year"": 2023, ""price_usd"": 3.65, ""price_change_percent"": 9.0}, {""year"": 2024, ""price_usd"": 3.5, ""price_change_percent"": 4.5}, {""year"": 2025, ""price_usd"": 3.49, ""price_change_percent"": 4.2}, {""year"": 2026, ""price_usd"": 3.35, ""price_change_percent"": 0}]"
MCD_BREA_Sausage_Biscuit_with_Egg_690,Sausage Biscuit with Egg,Breakfast,Classic McDonald's sausage biscuit with egg,7.7,546,115,35,14.7,4.9,41,1265,35,3.9,3.8,21,117,2.9,73,18,False,False,False,False,True,False,False,False,False,True,1 sandwich,9,14.1,2.73,"[{""year"": 2023, ""price_usd"": 8.19, ""price_change_percent"": 6.4}, {""year"": 2024, ""price_usd"": 8.22, ""price_change_percent"": 6.8}, {""year"": 2025, ""price_usd"": 8.01, ""price_change_percent"": 4.0}, {""year"": 2026, ""price_usd"": 7.7, ""price_change_percent"": 0}]"
MCD_BREA_Hotcakes_933,Hotcakes,Breakfast,Signature hotcakes served hot and fresh,5.58,354,151,10,4.3,1.0,11,587,57,5.5,12.7,8,164,2.0,20,10,True,False,False,False,False,True,False,False,False,True,1 serving,9,15.76,1.43,"[{""year"": 2023, ""price_usd"": 5.9, ""price_change_percent"": 5.7}, {""year"": 2024, ""price_usd"": 5.86, ""price_change_percent"": 5.0}, {""year"": 2025, ""price_usd"": 5.75, ""price_change_percent"": 3.0}, {""year"": 2026, ""price_usd"": 5.58, ""price_change_percent"": 0}]"
MCD_BREA_Hotcakes_with_Sausage_394,Hotcakes with Sausage,Breakfast,Freshly made hotcakes with sausage,3.43,518,171,24,9.7,3.6,69,1025,57,5.5,6.6,15,265,1.1,96,15,True,False,False,False,False,True,False,False,False,True,1 serving,3,6.62,4.37,"[{""year"": 2023, ""price_usd"": 3.61, ""price_change_percent"": 5.2}, {""year"": 2024, ""price_usd"": 3.55, ""price_change_percent"": 3.5}, {""year"": 2025, ""price_usd"": 3.51, ""price_change_percent"": 2.3}, {""year"": 2026, ""price_usd"": 3.43, ""price_change_percent"": 0}]"
MCD_BREA_McMuffin_with_Egg_White_525,McMuffin with Egg White,Breakfast,Classic McDonald's mcmuffin with egg white,3.13,280,126,9,3.3,0.5,52,700,28,1.7,11.1,18,58,1.4,15,20,False,False,False,False,False,False,False,False,False,True,1 sandwich,5,11.18,5.75,"[{""year"": 2023, ""price_usd"": 3.35, ""price_change_percent"": 7.0}, {""year"": 2024, ""price_usd"": 3.28, ""price_change_percent"": 4.8}, {""year"": 2025, ""price_usd"": 3.24, ""price_change_percent"": 3.5}, {""year"": 2026, ""price_usd"": 3.13, ""price_change_percent"": 0}]"
MCD_BREA_Deluxe_Breakfast_986,Deluxe Breakfast,Breakfast,Signature deluxe breakfast served hot and fresh,5.27,654,159,44,19.8,2.8,8,1372,41,3.2,13.8,24,212,1.0,100,16,False,False,False,False,True,False,False,True,True,True,1 serving,7,8.06,4.55,"[{""year"": 2023, ""price_usd"": 5.64, ""price_change_percent"": 7.0}, {""year"": 2024, ""price_usd"": 5.5, ""price_change_percent"": 4.4}, {""year"": 2025, ""price_usd"": 5.45, ""price_change_percent"": 3.4}, {""year"": 2026, ""price_usd"": 5.27, ""price_change_percent"": 0}]"
MCD_BEVE_Coca-Cola_(Small)_607,Coca-Cola (Small),Beverages,Freshly made coca-cola (small),1.63,157,76,0,0.0,0.0,73,40,40,3.5,14.3,0,210,0.1,95,15,False,False,False,False,False,False,True,False,False,True,1 drink,10,10.38,0.0,"[{""year"": 2023, ""price_usd"": 1.72, ""price_change_percent"": 5.5}, {""year"": 2024, ""price_usd"": 1.74, ""price_change_percent"": 6.7}, {""year"": 2025, ""price_usd"": 1.69, ""price_change_percent"": 3.7}, {""year"": 2026, ""price_usd"": 1.63, ""price_change_percent"": 0}]"
MCD_BEVE_Coca-Cola_(Medium)_972,Coca-Cola (Medium),Beverages,Classic McDonald's coca-cola (medium),3.22,220,88,0,0.0,0.0,18,23,60,5.5,17.8,0,79,0.2,100,8,False,False,False,False,False,True,True,False,False,True,1 drink,7,14.64,0.0,"[{""year"": 2023, ""price_usd"": 3.42, ""price_change_percent"": 6.2}, {""year"": 2024, ""price_usd"": 3.36, ""price_change_percent"": 4.3}, {""year"": 2025, ""price_usd"": 3.36, ""price_change_percent"": 4.3}, {""year"": 2026, ""price_usd"": 3.22, ""price_change_percent"": 0}]"
MCD_BEVE_Coca-Cola_(Large)_129,Coca-Cola (Large),Beverages,Classic McDonald's coca-cola (large),2.99,315,67,1,0.3,0.1,36,4,81,12.1,26.2,1,222,2.9,97,20,False,False,False,False,False,True,True,False,False,True,1 drink,6,9.49,0.33,"[{""year"": 2023, ""price_usd"": 3.2, ""price_change_percent"": 7.0}, {""year"": 2024, ""price_usd"": 3.16, ""price_change_percent"": 5.7}, {""year"": 2025, ""price_usd"": 3.06, ""price_change_percent"": 2.3}, {""year"": 2026, ""price_usd"": 2.99, ""price_change_percent"": 0}]"
MCD_BEVE_Diet_Coke_(Small)_570,Diet Coke (Small),Beverages,Classic McDonald's diet coke (small),1.67,3,0,1,0.4,0.1,21,16,0,0.0,0.0,0,195,1.9,30,15,False,False,True,True,False,False,True,False,False,True,1 drink,9,556.67,0.0,"[{""year"": 2023, ""price_usd"": 1.81, ""price_change_percent"": 8.4}, {""year"": 2024, ""price_usd"": 1.74, ""price_change_percent"": 4.2}, {""year"": 2025, ""price_usd"": 1.73, ""price_change_percent"": 3.6}, {""year"": 2026, ""price_usd"": 1.67, ""price_change_percent"": 0}]"
MCD_BEVE_Sprite_(Small)_816,Sprite (Small),Beverages,Classic McDonald's sprite (small),2.41,147,42,0,0.0,0.0,54,50,36,4.3,8.5,0,154,0.6,49,27,False,False,False,True,False,False,True,False,False,True,1 drink,6,16.39,0.0,"[{""year"": 2023, ""price_usd"": 2.62, ""price_change_percent"": 8.7}, {""year"": 2024, ""price_usd"": 2.54, ""price_change_percent"": 5.4}, {""year"": 2025, ""price_usd"": 2.51, ""price_change_percent"": 4.1}, {""year"": 2026, ""price_usd"": 2.41, ""price_change_percent"": 0}]"
MCD_BEVE_Fanta_Orange_(Small)_416,Fanta Orange (Small),Beverages,Delicious fanta orange (small) from McDonald's,1.19,151,65,0,0.0,0.0,45,29,44,3.2,6.9,1,128,2.0,92,24,False,False,False,False,False,False,True,False,False,True,1 drink,7,7.88,0.84,"[{""year"": 2023, ""price_usd"": 1.28, ""price_change_percent"": 7.6}, {""year"": 2024, ""price_usd"": 1.26, ""price_change_percent"": 5.9}, {""year"": 2025, ""price_usd"": 1.2, ""price_change_percent"": 0.8}, {""year"": 2026, ""price_usd"": 1.19, ""price_change_percent"": 0}]"
MCD_BEVE_Minute_Maid_Apple_Juice_864,Minute Maid Apple Juice,Beverages,Classic McDonald's minute maid apple juice,2.56,92,42,1,0.3,0.1,69,1,25,3.4,5.2,0,256,2.7,21,8,False,False,False,True,False,False,False,False,False,False,1 drink,9,27.83,0.0,"[{""year"": 2023, ""price_usd"": 2.74, ""price_change_percent"": 7.0}, {""year"": 2024, ""price_usd"": 2.74, ""price_change_percent"": 7.0}, {""year"": 2025, ""price_usd"": 2.67, ""price_change_percent"": 4.3}, {""year"": 2026, ""price_usd"": 2.56, ""price_change_percent"": 0}]"
MCD_BEVE_Orange_Juice_724,Orange Juice,Beverages,Classic McDonald's orange juice,2.93,104,27,1,0.3,0.1,33,0,27,2.8,6.4,0,134,1.8,81,30,False,False,True,True,False,False,False,False,False,True,1 drink,9,28.17,0.0,"[{""year"": 2023, ""price_usd"": 3.17, ""price_change_percent"": 8.2}, {""year"": 2024, ""price_usd"": 3.09, ""price_change_percent"": 5.5}, {""year"": 2025, ""price_usd"": 3.04, ""price_change_percent"": 3.8}, {""year"": 2026, ""price_usd"": 2.93, ""price_change_percent"": 0}]"
MCD_BEVE_Iced_Tea_701,Iced Tea,Beverages,Signature iced tea served hot and fresh,2.85,4,1,0,0.0,0.0,63,0,2,0.1,0.3,1,275,0.4,58,11,False,False,False,True,False,False,False,False,False,False,1 drink,8,712.5,0.35,"[{""year"": 2023, ""price_usd"": 3.06, ""price_change_percent"": 7.4}, {""year"": 2024, ""price_usd"": 2.95, ""price_change_percent"": 3.5}, {""year"": 2025, ""price_usd"": 2.95, ""price_change_percent"": 3.5}, {""year"": 2026, ""price_usd"": 2.85, ""price_change_percent"": 0}]"
MCD_BEVE_Sweet_Tea_294,Sweet Tea,Beverages,Classic McDonald's sweet tea,2.44,125,61,0,0.0,0.0,56,0,31,4.5,11.1,1,50,2.9,47,17,False,False,False,True,False,False,False,False,False,True,1 drink,3,19.52,0.41,"[{""year"": 2023, ""price_usd"": 2.62, ""price_change_percent"": 7.4}, {""year"": 2024, ""price_usd"": 2.6, ""price_change_percent"": 6.6}, {""year"": 2025, ""price_usd"": 2.48, ""price_change_percent"": 1.6}, {""year"": 2026, ""price_usd"": 2.44, ""price_change_percent"": 0}]"
MCD_BEVE_Milk_(2%)_383,Milk (2%),Beverages,Delicious milk (2%) from McDonald's,2.45,130,59,4,1.8,0.3,16,103,13,1.7,2.1,9,283,0.6,27,26,False,False,False,True,False,False,False,False,False,True,1 drink,4,18.85,3.67,"[{""year"": 2023, ""price_usd"": 2.64, ""price_change_percent"": 7.8}, {""year"": 2024, ""price_usd"": 2.53, ""price_change_percent"": 3.3}, {""year"": 2025, ""price_usd"": 2.57, ""price_change_percent"": 4.9}, {""year"": 2026, ""price_usd"": 2.45, ""price_change_percent"": 0}]"
MCD_BEVE_Chocolate_Milk_625,Chocolate Milk,Beverages,Classic McDonald's chocolate milk,2.25,165,62,4,1.5,0.5,75,170,24,2.0,3.7,7,26,0.4,53,16,False,False,False,False,False,False,False,True,True,True,1 drink,10,13.64,3.11,"[{""year"": 2023, ""price_usd"": 2.37, ""price_change_percent"": 5.3}, {""year"": 2024, ""price_usd"": 2.32, ""price_change_percent"": 3.1}, {""year"": 2025, ""price_usd"": 2.3, ""price_change_percent"": 2.2}, {""year"": 2026, ""price_usd"": 2.25, ""price_change_percent"": 0}]"
MCD_DESS_McFlurry_with_MANDMs_381,McFlurry with M&M's,Desserts,Freshly made mcflurry with m&m's,2.11,639,247,24,10.3,1.3,61,189,93,12.5,21.2,12,55,1.5,56,2,False,False,False,False,False,True,False,False,False,True,1 serving,8,3.3,5.69,"[{""year"": 2023, ""price_usd"": 2.23, ""price_change_percent"": 5.7}, {""year"": 2024, ""price_usd"": 2.23, ""price_change_percent"": 5.7}, {""year"": 2025, ""price_usd"": 2.17, ""price_change_percent"": 2.8}, {""year"": 2026, ""price_usd"": 2.11, ""price_change_percent"": 0}]"
MCD_DESS_McFlurry_with_Oreo_508,McFlurry with Oreo,Desserts,Signature mcflurry with oreo served hot and fresh,4.97,626,203,25,9.7,3.2,14,278,88,11.9,26.0,12,282,2.2,27,13,False,False,False,False,False,True,False,False,False,True,1 serving,7,7.94,2.41,"[{""year"": 2023, ""price_usd"": 5.37, ""price_change_percent"": 8.0}, {""year"": 2024, ""price_usd"": 5.3, ""price_change_percent"": 6.6}, {""year"": 2025, ""price_usd"": 5.19, ""price_change_percent"": 4.4}, {""year"": 2026, ""price_usd"": 4.97, ""price_change_percent"": 0}]"
MCD_DESS_McFlurry_with_Chocolate_Chip_520,McFlurry with Chocolate Chip,Desserts,Delicious mcflurry with chocolate chip from McDonald's,2.87,608,186,26,10.3,1.5,10,209,84,5.0,10.8,11,190,2.4,71,1,False,False,False,False,False,True,False,False,False,True,1 serving,2,4.72,3.83,"[{""year"": 2023, ""price_usd"": 3.1, ""price_change_percent"": 8.0}, {""year"": 2024, ""price_usd"": 2.96, ""price_change_percent"": 3.1}, {""year"": 2025, ""price_usd"": 2.91, ""price_change_percent"": 1.4}, {""year"": 2026, ""price_usd"": 2.87, ""price_change_percent"": 0}]"
MCD_DESS_Vanilla_Cone_723,Vanilla Cone,Desserts,Delicious vanilla cone from McDonald's,4.87,209,100,5,2.0,0.3,61,86,31,2.2,4.1,5,284,1.1,97,8,True,False,False,False,False,False,False,False,False,True,1 serving,2,23.3,1.03,"[{""year"": 2023, ""price_usd"": 5.15, ""price_change_percent"": 5.7}, {""year"": 2024, ""price_usd"": 5.08, ""price_change_percent"": 4.3}, {""year"": 2025, ""price_usd"": 5.05, ""price_change_percent"": 3.7}, {""year"": 2026, ""price_usd"": 4.87, ""price_change_percent"": 0}]"
MCD_DESS_Chocolate_Shake_(Small)_838,Chocolate Shake (Small),Desserts,Classic McDonald's chocolate shake (small),1.67,529,157,14,6.6,1.5,51,231,86,4.9,27.7,12,15,0.3,67,6,False,False,False,False,False,False,True,False,False,True,1 drink,2,3.16,7.19,"[{""year"": 2023, ""price_usd"": 1.79, ""price_change_percent"": 7.2}, {""year"": 2024, ""price_usd"": 1.74, ""price_change_percent"": 4.2}, {""year"": 2025, ""price_usd"": 1.7, ""price_change_percent"": 1.8}, {""year"": 2026, ""price_usd"": 1.67, ""price_change_percent"": 0}]"
MCD_DESS_Strawberry_Shake_(Small)_146,Strawberry Shake (Small),Desserts,Classic McDonald's strawberry shake (small),1.59,529,140,15,6.5,1.5,56,238,83,7.6,13.7,10,262,0.3,55,3,False,False,False,False,False,True,True,True,False,True,1 drink,2,3.01,6.29,"[{""year"": 2023, ""price_usd"": 1.73, ""price_change_percent"": 8.8}, {""year"": 2024, ""price_usd"": 1.66, ""price_change_percent"": 4.4}, {""year"": 2025, ""price_usd"": 1.63, ""price_change_percent"": 2.5}, {""year"": 2026, ""price_usd"": 1.59, ""price_change_percent"": 0}]"
MCD_DESS_Vanilla_Shake_(Small)_119,Vanilla Shake (Small),Desserts,Signature vanilla shake (small) served hot and fresh,1.74,506,170,15,4.9,1.5,55,220,84,5.7,18.0,10,117,1.5,85,25,False,False,False,False,False,True,True,False,False,True,1 drink,7,3.44,5.75,"[{""year"": 2023, ""price_usd"": 1.88, ""price_change_percent"": 8.0}, {""year"": 2024, ""price_usd"": 1.84, ""price_change_percent"": 5.7}, {""year"": 2025, ""price_usd"": 1.8, ""price_change_percent"": 3.4}, {""year"": 2026, ""price_usd"": 1.74, ""price_change_percent"": 0}]"
MCD_DESS_Apple_Pie_863,Apple Pie,Desserts,Classic McDonald's apple pie,3.42,238,71,10,3.8,1.5,21,77,34,4.4,9.7,2,185,0.3,13,7,True,False,False,False,False,False,False,False,False,True,1 serving,4,14.37,0.58,"[{""year"": 2023, ""price_usd"": 3.69, ""price_change_percent"": 7.9}, {""year"": 2024, ""price_usd"": 3.61, ""price_change_percent"": 5.6}, {""year"": 2025, ""price_usd"": 3.48, ""price_change_percent"": 1.8}, {""year"": 2026, ""price_usd"": 3.42, ""price_change_percent"": 0}]"
MCD_DESS_Chocolate_Chip_Cookie_575,Chocolate Chip Cookie,Desserts,Signature chocolate chip cookie served hot and fresh,1.57,160,68,8,3.8,0.7,18,77,22,1.6,3.2,1,101,0.5,19,24,True,False,False,False,False,False,False,False,True,False,1 serving,7,9.81,0.64,"[{""year"": 2023, ""price_usd"": 1.66, ""price_change_percent"": 5.7}, {""year"": 2024, ""price_usd"": 1.65, ""price_change_percent"": 5.1}, {""year"": 2025, ""price_usd"": 1.6, ""price_change_percent"": 1.9}, {""year"": 2026, ""price_usd"": 1.57, ""price_change_percent"": 0}]"
MCD_DESS_Sundae_(Caramel)_729,Sundae (Caramel),Desserts,Delicious sundae (caramel) from McDonald's,4.49,340,128,9,3.5,1.0,35,134,54,5.9,11.1,6,37,0.9,57,1,False,False,False,False,False,True,False,True,False,True,1 serving,9,13.21,1.34,"[{""year"": 2023, ""price_usd"": 4.89, ""price_change_percent"": 8.9}, {""year"": 2024, ""price_usd"": 4.68, ""price_change_percent"": 4.2}, {""year"": 2025, ""price_usd"": 4.59, ""price_change_percent"": 2.2}, {""year"": 2026, ""price_usd"": 4.49, ""price_change_percent"": 0}]"
MCD_DESS_Sundae_(Hot_Fudge)_636,Sundae (Hot Fudge),Desserts,Signature sundae (hot fudge) served hot and fresh,3.44,321,114,11,4.0,1.1,19,132,56,8.2,13.2,6,175,2.9,10,16,False,False,False,False,False,True,False,False,True,True,1 serving,7,10.72,1.74,"[{""year"": 2023, ""price_usd"": 3.64, ""price_change_percent"": 5.8}, {""year"": 2024, ""price_usd"": 3.64, ""price_change_percent"": 5.8}, {""year"": 2025, ""price_usd"": 3.52, ""price_change_percent"": 2.3}, {""year"": 2026, ""price_usd"": 3.44, ""price_change_percent"": 0}]"
MCD_MCCA_Latte_(Small)_183,Latte (Small),McCafé,Classic McDonald's latte (small),2.64,139,52,5,2.1,0.6,42,103,17,1.0,2.2,8,197,0.9,92,27,False,False,False,True,False,False,True,False,False,False,1 drink,7,18.99,3.03,"[{""year"": 2023, ""price_usd"": 2.81, ""price_change_percent"": 6.4}, {""year"": 2024, ""price_usd"": 2.82, ""price_change_percent"": 6.8}, {""year"": 2025, ""price_usd"": 2.75, ""price_change_percent"": 4.2}, {""year"": 2026, ""price_usd"": 2.64, ""price_change_percent"": 0}]"
MCD_MCCA_Latte_(Medium)_118,Latte (Medium),McCafé,Classic McDonald's latte (medium),3.21,200,61,6,2.7,0.4,71,128,23,2.0,7.8,12,65,2.0,94,21,False,False,False,False,False,False,True,False,True,True,1 drink,5,16.05,3.74,"[{""year"": 2023, ""price_usd"": 3.41, ""price_change_percent"": 6.2}, {""year"": 2024, ""price_usd"": 3.32, ""price_change_percent"": 3.4}, {""year"": 2025, ""price_usd"": 3.33, ""price_change_percent"": 3.7}, {""year"": 2026, ""price_usd"": 3.21, ""price_change_percent"": 0}]"
MCD_MCCA_Cappuccino_(Small)_285,Cappuccino (Small),McCafé,Freshly made cappuccino (small),2.57,115,51,3,0.9,0.4,12,59,11,1.1,2.9,6,269,0.1,43,28,False,False,False,True,False,False,True,False,False,True,1 drink,9,22.35,2.33,"[{""year"": 2023, ""price_usd"": 2.74, ""price_change_percent"": 6.6}, {""year"": 2024, ""price_usd"": 2.75, ""price_change_percent"": 7.0}, {""year"": 2025, ""price_usd"": 2.68, ""price_change_percent"": 4.3}, {""year"": 2026, ""price_usd"": 2.57, ""price_change_percent"": 0}]"
MCD_MCCA_Mocha_(Small)_896,Mocha (Small),McCafé,Classic McDonald's mocha (small),1.8,201,63,7,2.5,0.9,57,89,26,1.9,4.5,9,240,2.7,24,11,False,False,False,False,False,False,True,False,False,True,1 drink,4,8.96,5.0,"[{""year"": 2023, ""price_usd"": 1.96, ""price_change_percent"": 8.9}, {""year"": 2024, ""price_usd"": 1.91, ""price_change_percent"": 6.1}, {""year"": 2025, ""price_usd"": 1.84, ""price_change_percent"": 2.2}, {""year"": 2026, ""price_usd"": 1.8, ""price_change_percent"": 0}]"
MCD_MCCA_Caramel_Macchiato_(Small)_193,Caramel Macchiato (Small),McCafé,Signature caramel macchiato (small) served hot and fresh,3.77,189,91,5,2.0,0.4,13,101,24,2.9,6.1,6,63,0.9,97,5,False,False,False,False,False,False,True,True,False,True,1 drink,9,19.95,1.59,"[{""year"": 2023, ""price_usd"": 4.0, ""price_change_percent"": 6.1}, {""year"": 2024, ""price_usd"": 3.99, ""price_change_percent"": 5.8}, {""year"": 2025, ""price_usd"": 3.86, ""price_change_percent"": 2.4}, {""year"": 2026, ""price_usd"": 3.77, ""price_change_percent"": 0}]"
MCD_MCCA_Hot_Chocolate_(Small)_812,Hot Chocolate (Small),McCafé,Signature hot chocolate (small) served hot and fresh,3.94,200,89,7,2.6,0.6,10,122,30,2.6,3.3,5,50,2.5,83,10,False,False,False,False,False,False,True,False,False,True,1 drink,9,19.7,1.27,"[{""year"": 2023, ""price_usd"": 4.21, ""price_change_percent"": 6.9}, {""year"": 2024, ""price_usd"": 4.1, ""price_change_percent"": 4.1}, {""year"": 2025, ""price_usd"": 4.05, ""price_change_percent"": 2.8}, {""year"": 2026, ""price_usd"": 3.94, ""price_change_percent"": 0}]"
MCD_MCCA_Americano_(Small)_213,Americano (Small),McCafé,Delicious americano (small) from McDonald's,3.26,7,3,0,0.0,0.0,77,28,3,0.3,0.4,0,147,0.7,15,1,False,False,False,True,False,False,True,True,False,True,1 drink,10,465.71,0.0,"[{""year"": 2023, ""price_usd"": 3.45, ""price_change_percent"": 5.8}, {""year"": 2024, ""price_usd"": 3.43, ""price_change_percent"": 5.2}, {""year"": 2025, ""price_usd"": 3.41, ""price_change_percent"": 4.6}, {""year"": 2026, ""price_usd"": 3.26, ""price_change_percent"": 0}]"
MCD_MCCA_Iced_Coffee_(Small)_499,Iced Coffee (Small),McCafé,Delicious iced coffee (small) from McDonald's,1.73,96,44,4,1.4,0.2,45,0,14,1.0,3.1,2,43,1.6,46,2,False,False,False,True,False,False,True,False,False,True,1 drink,8,18.02,1.16,"[{""year"": 2023, ""price_usd"": 1.86, ""price_change_percent"": 7.5}, {""year"": 2024, ""price_usd"": 1.79, ""price_change_percent"": 3.5}, {""year"": 2025, ""price_usd"": 1.79, ""price_change_percent"": 3.5}, {""year"": 2026, ""price_usd"": 1.73, ""price_change_percent"": 0}]"
MCD_MCCA_Iced_Latte_(Small)_812,Iced Latte (Small),McCafé,Signature iced latte (small) served hot and fresh,4.19,118,40,4,1.3,0.3,80,90,12,0.7,3.3,7,170,0.4,45,17,False,False,False,True,False,False,True,False,False,True,1 drink,4,35.51,1.67,"[{""year"": 2023, ""price_usd"": 4.5, ""price_change_percent"": 7.4}, {""year"": 2024, ""price_usd"": 4.36, ""price_change_percent"": 4.1}, {""year"": 2025, ""price_usd"": 4.34, ""price_change_percent"": 3.6}, {""year"": 2026, ""price_usd"": 4.19, ""price_change_percent"": 0}]"
MCD_MCCA_Iced_Mocha_(Small)_986,Iced Mocha (Small),McCafé,Delicious iced mocha (small) from McDonald's,1.85,174,69,5,2.3,0.7,40,42,24,3.4,6.1,6,278,1.4,4,24,False,False,False,False,False,False,True,False,False,False,1 drink,3,10.63,3.24,"[{""year"": 2023, ""price_usd"": 1.98, ""price_change_percent"": 7.0}, {""year"": 2024, ""price_usd"": 1.95, ""price_change_percent"": 5.4}, {""year"": 2025, ""price_usd"": 1.87, ""price_change_percent"": 1.1}, {""year"": 2026, ""price_usd"": 1.85, ""price_change_percent"": 0}]"
MCD_MCCA_Caramel_Frappé_(Small)_428,Caramel Frappé (Small),McCafé,Classic McDonald's caramel frappé (small),3.73,283,65,10,4.9,1.0,63,101,45,3.9,15.3,5,136,2.4,93,13,False,False,False,False,False,False,True,True,False,True,1 drink,6,13.18,1.34,"[{""year"": 2023, ""price_usd"": 3.98, ""price_change_percent"": 6.7}, {""year"": 2024, ""price_usd"": 3.95, ""price_change_percent"": 5.9}, {""year"": 2025, ""price_usd"": 3.78, ""price_change_percent"": 1.3}, {""year"": 2026, ""price_usd"": 3.73, ""price_change_percent"": 0}]"
MCD_MCCA_Mocha_Frappé_(Small)_246,Mocha Frappé (Small),McCafé,Delicious mocha frappé (small) from McDonald's,2.47,299,135,9,3.5,0.9,45,134,46,5.1,10.6,6,29,0.2,81,12,False,False,False,False,False,True,True,False,False,True,1 drink,2,8.26,2.43,"[{""year"": 2023, ""price_usd"": 2.67, ""price_change_percent"": 8.1}, {""year"": 2024, ""price_usd"": 2.54, ""price_change_percent"": 2.8}, {""year"": 2025, ""price_usd"": 2.55, ""price_change_percent"": 3.2}, {""year"": 2026, ""price_usd"": 2.47, ""price_change_percent"": 0}]"
MCD_HAPP_Happy_Meal_Cheeseburger_355,Happy Meal Cheeseburger,Happy Meal,Classic McDonald's happy meal cheeseburger,5.24,457,223,20,9.8,1.1,19,754,48,5.7,18.5,21,190,1.3,9,18,False,False,False,False,True,True,False,True,False,True,1 serving,4,11.47,4.01,"[{""year"": 2023, ""price_usd"": 5.7, ""price_change_percent"": 8.8}, {""year"": 2024, ""price_usd"": 5.48, ""price_change_percent"": 4.6}, {""year"": 2025, ""price_usd"": 5.49, ""price_change_percent"": 4.8}, {""year"": 2026, ""price_usd"": 5.24, ""price_change_percent"": 0}]"
MCD_HAPP_Happy_Meal_Chicken_McNuggets_(4_piece)_929,Happy Meal Chicken McNuggets (4 piece),Happy Meal,Delicious happy meal chicken mcnuggets (4 piece) from McDonald's,5.99,422,170,22,7.7,2.1,78,639,35,2.7,13.1,17,251,0.6,17,27,False,True,False,False,False,False,False,True,False,True,1 serving,7,14.19,2.84,"[{""year"": 2023, ""price_usd"": 6.5, ""price_change_percent"": 8.5}, {""year"": 2024, ""price_usd"": 6.28, ""price_change_percent"": 4.8}, {""year"": 2025, ""price_usd"": 6.1, ""price_change_percent"": 1.8}, {""year"": 2026, ""price_usd"": 5.99, ""price_change_percent"": 0}]"
MCD_HAPP_Happy_Meal_Hamburger_578,Happy Meal Hamburger,Happy Meal,Classic McDonald's happy meal hamburger,6.41,417,183,16,5.3,1.9,22,544,47,6.1,11.9,18,62,3.0,17,7,False,False,False,False,False,True,False,False,True,True,1 serving,3,15.37,2.81,"[{""year"": 2023, ""price_usd"": 6.98, ""price_change_percent"": 8.9}, {""year"": 2024, ""price_usd"": 6.68, ""price_change_percent"": 4.2}, {""year"": 2025, ""price_usd"": 6.64, ""price_change_percent"": 3.6}, {""year"": 2026, ""price_usd"": 6.41, ""price_change_percent"": 0}]"
MCD_HAPP_Happy_Meal_Apple_Slices_886,Happy Meal Apple Slices,Happy Meal,Freshly made happy meal apple slices,5.12,172,84,9,4.1,1.2,9,96,21,1.3,4.1,3,37,1.3,87,16,True,True,True,False,False,False,False,False,False,True,1 serving,10,29.77,0.59,"[{""year"": 2023, ""price_usd"": 5.56, ""price_change_percent"": 8.6}, {""year"": 2024, ""price_usd"": 5.29, ""price_change_percent"": 3.3}, {""year"": 2025, ""price_usd"": 5.29, ""price_change_percent"": 3.3}, {""year"": 2026, ""price_usd"": 5.12, ""price_change_percent"": 0}]"
