Table with row headers in column A and column headers in rows 8 through 9 and 92 through 93,,,,,,
Table F-1. Limits for Family Income Quintiles and Top 5 Percent of All Families: 1947 to 2025,,,,,,
"Information on confidentiality protection, sampling error, nonsampling error, and definitions is available at <https://www2.census.gov/programs-surveys/cps/techdocs/cpsmar26.pdf>.",,,,,,
Footnotes are available at <www.census.gov/topics/income-poverty/income/guidance/cps-historic-footnotes.html>.,,,,,,
"Source: U.S. Census Bureau, Current Population Survey, 1948 to 2026 Annual Social and Economic Supplements (CPS ASEC).",,,,,,
(Families as of March of the following year. Income in current and 2025 C-CPI-U (2000-2025) and R-CPI-U-RS (pre-2000) adjusted dollars (28)),,,,,,
Current Dollars,,,,,,
Year,Number (thousands),Upper limit of each quintile (dollars),,,,"Lower limit
 of top 5
 percent
 (dollars)"
,,Lowest,Second,Third,Fourth,
2025,"88,010","50,230","88,380","1,36,500","2,13,400","4,02,300"
2024 (42),"86,730","47,780","84,160","1,30,200","2,06,500","3,81,400"
2023,"84,710","46,000","80,540","1,22,700","1,94,600","3,56,800"
2022,"84,350","42,350","74,500","1,14,000","1,78,000","3,34,200"
2021,"84,280","40,000","70,510","1,09,400","1,74,000","3,19,800"
2020 (41),"83,720","38,200","67,760","1,03,900","1,64,500","3,06,500"
2019,"83,700","40,000","69,000","1,05,000","1,64,900","3,04,200"
2018,"83,510","35,860","63,020","96,340","1,50,100","2,79,200"
2017 (40),"83,540","33,800","60,370","93,510","1,47,600","2,72,500"
2017,"83,100","33,550","60,030","92,360","1,45,400","2,61,500"
2016,"82,850","32,400","57,940","89,770","1,39,600","2,51,200"
2015,"82,200","30,310","55,380","86,310","1,33,500","2,39,200"
2014,"81,730","29,100","52,700","82,030","1,29,000","2,30,000"
2013 (39),"82,320","28,840","52,040","80,040","1,26,300","2,25,500"
2013 (38),"81,220","28,890","50,520","78,000","1,21,100","2,17,000"
2012,"80,940","27,790","49,790","76,540","1,19,000","2,10,000"
2011,"80,530","27,220","48,500","75,000","1,15,900","2,05,200"
2010 (37),"79,560","26,520","48,000","74,000","1,13,400","2,00,200"
2009 (36),"78,870","26,930","47,910","73,340","1,12,500","2,00,000"
2008,"78,870","27,800","49,330","75,000","1,13,200","2,00,000"
2007,"77,910","27,860","49,510","75,000","1,12,600","1,97,200"
2006,"78,450","27,000","47,000","71,200","1,09,200","1,91,100"
2005,"77,420","25,620","45,020","68,300","1,03,100","1,84,500"
2004 (35),"76,870","24,770","43,400","65,820","1,00,000","1,73,600"
2003,"76,230","24,120","42,060","65,000","98,200","1,70,100"
2002,"75,620","24,000","41,440","63,000","94,470","1,64,300"
2001,"74,340","24,000","41,130","62,500","94,150","1,64,100"
2000 (30),"73,780","24,000","40,840","61,330","91,370","1,60,100"
1999 (29),"73,210","22,800","39,490","59,270","88,030","1,55,000"
1998,"71,550","21,600","37,690","56,020","83,690","1,45,200"
1997,"70,880","20,590","36,000","53,620","80,000","1,37,100"
1996,"70,240","19,680","34,320","51,090","75,320","1,28,000"
1995 (25),"69,600","19,070","32,990","48,990","72,260","1,23,700"
1994 (24),"69,310","17,940","31,300","47,000","70,000","1,20,000"
1993 (23),"68,510","16,970","30,000","45,030","66,790","1,13,200"
1992 (22),"68,220","16,710","29,670","44,000","64,050","1,06,000"
1991,"67,170","17,000","29,110","43,000","62,990","1,02,800"
1990,"66,320","16,850","29,040","42,040","61,490","1,02,400"
1989,"66,090","16,000","28,000","40,800","59,550","98,960"
1988,"65,840","15,100","26,180","38,500","55,910","92,000"
1987 (21),"65,200","14,600","25,180","36,800","53,330","86,950"
1986,"64,490","14,000","24,100","35,120","50,570","83,400"
1985 (20),"63,560","13,290","22,890","33,150","48,230","78,970"
1984 (19),"62,710","12,580","21,870","31,680","45,560","74,600"
1983,"62,020","11,840","20,270","29,480","42,150","69,360"
1982,"61,390","11,400","19,520","27,950","40,100","65,310"
1981,"61,020","11,020","18,750","26,760","37,800","59,990"
1980,"60,310","10,400","17,510","24,800","34,800","55,000"
1979 (18),"59,550","9,861","16,220","22,970","31,630","50,750"
1978,"57,800","8,808","14,800","20,720","28,800","45,660"
1977,"57,220","8,000","13,400","18,940","26,100","41,350"
1976 (17),"56,710","7,505","12,500","17,390","24,010","37,740"
1975 (16),"56,250","6,987","11,510","16,000","22,150","34,700"
1974 (16)(15),"55,700","6,707","10,960","15,080","20,830","32,710"
1973,"55,050","6,081","10,030","14,000","19,250","30,020"
1972 (14),"54,370","5,612","9,300","12,860","17,760","27,840"
1971 (13),"53,300","5,211","8,628","11,830","16,220","25,330"
1970,"52,230","5,100","8,320","11,300","15,530","24,250"
1969,"51,590","5,000","8,000","10,800","14,750","22,700"
1968,"50,820","4,544","7,300","9,960","13,400","20,590"
1967 (12),"50,110","4,109","6,745","9,045","12,400","19,920"
1966 (11),"49,210","3,935","6,398","8,563","11,640","18,000"
1965 (10),"48,510","3,500","5,863","7,910","10,800","16,700"
1964,"47,960","3,250","5,500","7,500","10,200","15,790"
1963,"47,540","3,096","5,200","7,134","9,969","15,140"
1962 (9),"47,060","3,000","5,000","6,800","9,500","14,900"
1961 (8),"46,420","2,800","4,820","6,560","9,035","14,600"
1960,"45,540","2,784","4,800","6,364","8,800","13,540"
1959,"45,110","2,677","4,565","6,081","8,380","12,800"
1958,"44,230","2,530","4,291","5,720","7,800","12,000"
1957,"43,700","2,488","4,234","5,594","7,505","11,490"
1956,"43,500","2,438","4,103","5,443","7,380","11,440"
1955,"42,890","2,221","3,780","5,082","6,883","10,610"
1954,"41,950","2,012","3,539","4,791","6,564","10,400"
1953,"41,200","2,139","3,630","4,871","6,560","10,200"
1952 (7),"40,830","2,053","3,321","4,493","6,077","9,455"
1951,"40,580","1,953","3,184","4,212","5,751","9,013"
1950,"39,930","1,661","2,856","3,801","5,283","8,615"
1949 (6),"39,300","1,543","2,636","3,556","5,025","8,066"
1948,"38,620","1,655","2,721","3,633","5,068","8,253"
1947 (5),"37,240","1,584","2,556","3,466","4,918","8,072"
2025 Dollars,,,,,,
Year,Number (thousands),Upper limit of each quintile (dollars),,,,"Lower limit
 of top 5
 percent
 (dollars)"
,,Lowest,Second,Third,Fourth,
2025,"88,010","50,230","88,380","1,36,500","2,13,400","4,02,300"
2024 (42),"86,730","48,960","86,240","1,33,400","2,11,600","3,90,800"
2023,"84,710","48,360","84,660","1,29,000","2,04,600","3,75,100"
2022,"84,350","46,260","81,380","1,24,500","1,94,400","3,65,000"
2021,"84,280","47,060","82,950","1,28,600","2,04,700","3,76,200"
2020 (41),"83,720","46,950","83,280","1,27,700","2,02,200","3,76,600"
2019,"83,700","49,670","85,690","1,30,400","2,04,800","3,77,700"
2018,"83,510","45,200","79,420","1,21,400","1,89,200","3,51,900"
2017 (40),"83,540","43,450","77,610","1,20,200","1,89,800","3,50,400"
2017,"83,100","43,130","77,180","1,18,700","1,86,900","3,36,200"
2016,"82,850","42,390","75,800","1,17,400","1,82,600","3,28,600"
2015,"82,200","40,000","73,080","1,13,900","1,76,200","3,15,700"
2014,"81,730","38,380","69,500","1,08,200","1,70,100","3,03,400"
2013 (39),"82,320","38,580","69,610","1,07,100","1,69,000","3,01,700"
2013 (38),"81,220","38,650","67,570","1,04,300","1,61,900","2,90,300"
2012,"80,940","37,630","67,400","1,03,600","1,61,100","2,84,300"
2011,"80,530","37,560","66,930","1,03,500","1,59,900","2,83,200"
2010 (37),"79,560","37,730","68,290","1,05,300","1,61,400","2,84,800"
2009 (36),"78,870","38,850","69,110","1,05,800","1,62,300","2,88,500"
2008,"78,870","39,930","70,860","1,07,700","1,62,600","2,87,300"
2007,"77,910","41,490","73,730","1,11,700","1,67,700","2,93,700"
2006,"78,450","41,240","71,790","1,08,700","1,66,700","2,91,800"
2005,"77,420","40,260","70,760","1,07,400","1,62,000","2,90,000"
2004 (35),"76,870","40,060","70,190","1,06,400","1,61,700","2,80,800"
2003,"76,230","39,980","69,720","1,07,800","1,62,800","2,81,900"
2002,"75,620","40,610","70,130","1,06,600","1,59,900","2,78,100"
2001,"74,340","41,120","70,460","1,07,100","1,61,300","2,81,200"
2000 (30),"73,780","42,050","71,550","1,07,400","1,60,100","2,80,500"
1999 (29),"73,210","41,310","71,570","1,07,400","1,59,500","2,81,000"
1998,"71,550","39,960","69,730","1,03,600","1,54,800","2,68,600"
1997,"70,880","38,600","67,500","1,00,500","1,50,000","2,57,000"
1996,"70,240","37,690","65,720","97,850","1,44,300","2,45,200"
1995 (25),"69,600","37,490","64,850","96,300","1,42,100","2,43,100"
1994 (24),"69,310","36,100","62,990","94,580","1,40,900","2,41,600"
1993 (23),"68,510","34,900","61,690","92,600","1,37,400","2,32,700"
1992 (22),"68,220","35,220","62,530","92,720","1,35,000","2,23,400"
1991,"67,170","36,730","62,900","92,920","1,36,100","2,22,200"
1990,"66,320","37,720","65,040","94,140","1,37,700","2,29,200"
1989,"66,090","37,580","65,750","95,810","1,39,800","2,32,400"
1988,"65,840","37,020","64,180","94,380","1,37,000","2,25,500"
1987 (21),"65,200","37,110","64,010","93,550","1,35,600","2,21,000"
1986,"64,490","36,790","63,330","92,290","1,32,900","2,19,200"
1985 (20),"63,560","35,490","61,130","88,550","1,28,800","2,10,900"
1984 (19),"62,710","34,730","60,420","87,510","1,25,800","2,06,000"
1983,"62,020","34,060","58,330","84,820","1,21,300","1,99,600"
1982,"61,390","34,180","58,530","83,800","1,20,200","1,95,800"
1981,"61,020","35,020","59,620","85,080","1,20,200","1,90,800"
1980,"60,310","36,230","60,990","86,390","1,21,200","1,91,600"
1979 (18),"59,550","38,140","62,720","88,850","1,22,400","1,96,300"
1978,"57,800","37,300","62,670","87,740","1,22,000","1,93,400"
1977,"57,220","36,190","60,610","85,690","1,18,100","1,87,100"
1976 (17),"56,710","36,150","60,200","83,740","1,15,700","1,81,800"
1975 (16),"56,250","35,570","58,570","81,460","1,12,800","1,76,700"
1974 (16)(15),"55,700","36,990","60,440","83,160","1,14,900","1,80,400"
1973,"55,050","36,840","60,780","84,810","1,16,600","1,81,800"
1972 (14),"54,370","36,070","59,780","82,630","1,14,200","1,78,900"
1971 (13),"53,300","34,620","57,320","78,560","1,07,700","1,68,200"
1970,"52,230","35,320","57,630","78,260","1,07,600","1,68,000"
1969,"51,590","36,320","58,110","78,450","1,07,200","1,64,900"
1968,"50,820","34,410","55,280","75,420","1,01,500","1,55,900"
1967 (12),"50,110","32,350","53,100","71,200","97,620","1,56,800"
1966 (11),"49,210","31,960","51,970","69,550","94,550","1,46,200"
1965 (10),"48,510","29,230","48,960","66,050","90,190","1,39,400"
1964,"47,960","27,660","46,800","63,820","86,810","1,34,300"
1963,"47,540","26,600","44,680","61,290","85,650","1,30,100"
1962 (9),"47,060","26,150","43,590","59,280","82,810","1,29,900"
1961 (8),"46,420","24,650","42,430","57,750","79,530","1,28,500"
1960,"45,540","24,750","42,670","56,580","78,240","1,20,300"
1959,"45,110","24,160","41,200","54,880","75,630","1,15,500"
1958,"44,230","23,070","39,120","52,150","71,120","1,09,400"
1957,"43,700","23,280","39,610","52,340","70,220","1,07,500"
1956,"43,500","23,550","39,630","52,580","71,290","1,10,500"
1955,"42,890","21,810","37,110","49,900","67,580","1,04,100"
1954,"41,950","19,650","34,560","46,780","64,100","1,01,600"
1953,"41,200","21,120","35,840","48,090","64,770","1,00,700"
1952 (7),"40,830","20,380","32,970","44,610","60,330","93,870"
1951,"40,580","19,720","32,150","42,520","58,060","91,000"
1950,"39,930","18,100","31,120","41,420","57,570","93,870"
1949 (6),"39,300","17,020","29,080","39,230","55,430","88,970"
1948,"38,620","18,030","29,650","39,590","55,220","89,930"
1947 (5),"37,240","18,750","30,250","41,020","58,200","95,530"